Name,Email,Username,Password,Role
Barsha Panda,barsha@darkstreet.org@company.com,barsha@darkstreet.org,PE_23aoeptwd83H05O7W,organization_leader
David Jairaj,david@darkstreet.org@company.com,david@darkstreet.org,PE_hw8owvrtufp6O8SEJ,organization_leader
Emily Wilson,emily.wilson@techcorp.com@company.com,emily.wilson@techcorp.com,PE_lwa7aes46hLBNGSK,organization_leader
David Rodriguez,david.rodriguez@techcorp.com@company.com,david.rodriguez@techcorp.com,PE_kuidrez6q26TFQ7A,organization_leader
Lisa Thompson,lisa.thompson@techcorp.com@company.com,lisa.thompson@techcorp.com,PE_h0h28qyo9s4JS18R5,organization_leader
James Anderson,james.anderson@techcorp.com@company.com,james.anderson@techcorp.com,PE_f3qlitnmwniYPKVRC,project_leader
Maria Garcia,maria.garcia@techcorp.com@company.com,maria.garcia@techcorp.com,PE_45yob022x7xAI99U3,project_leader
Robert Brown,robert.brown@techcorp.com@company.com,robert.brown@techcorp.com,PE_kehqdt27ly5BDZR9,project_leader
Jennifer Davis,jennifer.davis@techcorp.com@company.com,jennifer.davis@techcorp.com,PE_ifgifu8te3fQSK5XZ,project_leader
Christopher Miller,christopher.miller@techcorp.com@company.com,christopher.miller@techcorp.com,PE_49j5g7ac4hdBFSVBX,project_leader
Amanda Wilson,amanda.wilson@techcorp.com@company.com,amanda.wilson@techcorp.com,PE_ta8lqh62zso3FOII9,team_member
Daniel Moore,daniel.moore@techcorp.com@company.com,daniel.moore@techcorp.com,PE_8xd9qvshd9l4DDLAB,team_member
Jessica Taylor,jessica.taylor@techcorp.com@company.com,jessica.taylor@techcorp.com,PE_hbnb9w3dphP7LDF9,team_member
Matthew Anderson,matthew.anderson@techcorp.com@company.com,matthew.anderson@techcorp.com,PE_4ne0gk3sa1eA8R8ZR,team_member
Ashley Thomas,ashley.thomas@techcorp.com@company.com,ashley.thomas@techcorp.com,PE_rc2vsib13a1E7Z42,team_member
Joshua Jackson,joshua.jackson@techcorp.com@company.com,joshua.jackson@techcorp.com,PE_ttpswnfas6j9BX6JU,team_member
Stephanie White,stephanie.white@techcorp.com@company.com,stephanie.white@techcorp.com,PE_90cookl672hOJJXNF,team_member
Kevin Harris,kevin.harris@techcorp.com@company.com,kevin.harris@techcorp.com,PE_hrdf3ou96v43X5B2T,team_member
Rachel Martin,rachel.martin@techcorp.com@company.com,rachel.martin@techcorp.com,PE_8j6ga5oaxpuWWUAVK,team_member
Brandon Thompson,brandon.thompson@techcorp.com@company.com,brandon.thompson@techcorp.com,PE_fso7dhy8r8aZGBEWP,team_member
Nicole Garcia,nicole.garcia@techcorp.com@company.com,nicole.garcia@techcorp.com,PE_ty0ou9ccm9D47KC2,team_member
Tyler Rodriguez,tyler.rodriguez@techcorp.com@company.com,tyler.rodriguez@techcorp.com,PE_4rtq3drncvxRL1IPA,team_member
Samantha Lewis,samantha.lewis@techcorp.com@company.com,samantha.lewis@techcorp.com,PE_da7by7uhxsuHKAZ8K,team_member
Andrew Lee,andrew.lee@techcorp.com@company.com,andrew.lee@techcorp.com,PE_oh8581a07ucN0YCE6,team_member
Megan Walker,megan.walker@techcorp.com@company.com,megan.walker@techcorp.com,PE_qh2nvh3cknIDWUUX,team_member
Ryan Hall,ryan.hall@techcorp.com@company.com,ryan.hall@techcorp.com,PE_914zyp0fnk85Q09B5,team_member
Lauren Allen,lauren.allen@techcorp.com@company.com,lauren.allen@techcorp.com,PE_xeodow3rg6d03F2R2,team_member
Justin Young,justin.young@techcorp.com@company.com,justin.young@techcorp.com,PE_u9mf6emp4r7MSX2B,team_member
Brittany Hernandez,brittany.hernandez@techcorp.com@company.com,brittany.hernandez@techcorp.com,PE_cbmx7w5ji10M3GDL,team_member
Jonathan King,jonathan.king@techcorp.com@company.com,jonathan.king@techcorp.com,PE_pos85uc2siPKBKGR,team_member
DJ DarkBark,dj.darkbark@gmail.com@company.com,dj.darkbark@gmail.com,PE_2ol800m4382YQTY1G,team_member