Word,Frequency
"Pesa","43"
"Trust","33"
"Brand","24"
"Energy","16"
"Leadership","14"
"Data","13"
"Market","13"
"Climate","13"
"Clean","12"
"Challenges","9"
"Digirecs","9"
"Platform","8"
"Producers","8"
"Global","8"
"Value","7"
"Real","7"
"Proof","7"
"Markets","7"
"Certificate","7"
"Must","7"
"World","7"
"Green","7"
"Product","7"
"Carbon","6"
"Based","6"
"Certificates","6"
"Digirec","6"
"Solar","6"
"Digital","6"
"Buyers","6"
"Compliance","6"
"Transparency","6"
"Regulatory","6"
"Financial","6"
"Trust architecture brand","6"
"Business","5"
"Eacs","5"
"Standards","5"
"Verified","5"
"Issuance","5"
"Reporting","5"
"Access","5"
"Third","5"
"Party","5"
"Like","5"
"Development","5"
"Local","5"
"Tech","5"
"Positioning","5"
"Effect","5"
